[
{
  "model": "games.game",
  "pk": 1,
  "fields": {
    "title": "Landshut",
    "slug": "landshut",
    "description": "Far spend land beautiful month create. With believe deal term body yeah almost. Less campaign discover just seem water.",
    "cover": "covers/default.jpg",
    "price": "219.34",
    "stock": 12,
    "released_at": "2025-01-12",
    "pegi": 7,
    "category": 1,
    "platforms": [
      1,
      3,
      4,
      9,
      10
    ]
  }
},
{
  "model": "games.game",
  "pk": 2,
  "fields": {
    "title": "Mount Hagen",
    "slug": "mount-hagen",
    "description": "Indicate answer view. His amount friend war subject.",
    "cover": "covers/default.jpg",
    "price": "656.91",
    "stock": 345,
    "released_at": "2025-01-01",
    "pegi": 16,
    "category": 8,
    "platforms": [
      1,
      3,
      8,
      9,
      10
    ]
  }
},
{
  "model": "games.game",
  "pk": 3,
  "fields": {
    "title": "Msaken",
    "slug": "msaken",
    "description": "Energy road worry lawyer kind practice treat. Year present else beyond build adult along tree.",
    "cover": "covers/default.jpg",
    "price": "484.34",
    "stock": 172,
    "released_at": "2025-01-22",
    "pegi": 12,
    "category": 7,
    "platforms": [
      1,
      2,
      4,
      9,
      10
    ]
  }
},
{
  "model": "games.game",
  "pk": 4,
  "fields": {
    "title": "Cavaillon",
    "slug": "cavaillon",
    "description": "Gun foot add baby product relationship choice doctor. Whether dream conference trial building. Wrong ahead result music piece throughout take.",
    "cover": "covers/default.jpg",
    "price": "779.18",
    "stock": 257,
    "released_at": "2025-01-10",
    "pegi": 16,
    "category": 9,
    "platforms": [
      1,
      3,
      6,
      7,
      10
    ]
  }
},
{
  "model": "games.game",
  "pk": 5,
  "fields": {
    "title": "Heroica Matamoros",
    "slug": "heroica-matamoros",
    "description": "Himself value improve less. Industry truth serve career information imagine seven. Song best may likely if central.",
    "cover": "covers/default.jpg",
    "price": "885.40",
    "stock": 272,
    "released_at": "2025-01-04",
    "pegi": 12,
    "category": 10,
    "platforms": [
      2,
      7,
      8,
      9,
      10
    ]
  }
},
{
  "model": "games.game",
  "pk": 6,
  "fields": {
    "title": "Palm Desert",
    "slug": "palm-desert",
    "description": "Member everybody care southern. Audience Republican travel spend nation past Mrs. Now heart avoid mouth several remember. Participant husband much similar want.",
    "cover": "covers/default.jpg",
    "price": "853.20",
    "stock": 234,
    "released_at": "2025-01-04",
    "pegi": 12,
    "category": 2,
    "platforms": [
      2,
      3,
      6,
      7,
      10
    ]
  }
},
{
  "model": "games.game",
  "pk": 7,
  "fields": {
    "title": "Jambi City",
    "slug": "jambi-city",
    "description": "Brother face here wrong east radio less race. Whether past white job buy around eight. Sure give also suggest wait here lead.",
    "cover": "covers/default.jpg",
    "price": "876.90",
    "stock": 460,
    "released_at": "2024-12-28",
    "pegi": 16,
    "category": 5,
    "platforms": [
      2,
      4,
      8,
      9,
      10
    ]
  }
},
{
  "model": "games.game",
  "pk": 8,
  "fields": {
    "title": "Cabo",
    "slug": "cabo",
    "description": "Throw answer speech public similar today new camera. Prevent newspaper civil source board ever. No realize recognize customer key easy score.",
    "cover": "covers/default.jpg",
    "price": "15.64",
    "stock": 43,
    "released_at": "2024-12-30",
    "pegi": 7,
    "category": 5,
    "platforms": [
      3,
      5,
      7,
      8,
      9
    ]
  }
},
{
  "model": "games.game",
  "pk": 9,
  "fields": {
    "title": "Sasayama",
    "slug": "sasayama",
    "description": "Plan which those especially each. Just product tell quickly indicate. Republican plant start month body condition thing will.",
    "cover": "covers/default.jpg",
    "price": "496.64",
    "stock": 112,
    "released_at": "2025-01-08",
    "pegi": 16,
    "category": 5,
    "platforms": [
      2,
      5,
      6,
      8,
      10
    ]
  }
},
{
  "model": "games.game",
  "pk": 10,
  "fields": {
    "title": "Chosica",
    "slug": "chosica",
    "description": "Yard chance say reflect these. Interview media case pass plant hand. Successful to I wind son long.",
    "cover": "covers/default.jpg",
    "price": "806.02",
    "stock": 228,
    "released_at": "2025-01-08",
    "pegi": 7,
    "category": 2,
    "platforms": [
      1,
      4,
      5,
      8,
      9
    ]
  }
},
{
  "model": "games.game",
  "pk": 11,
  "fields": {
    "title": "Albufeira",
    "slug": "albufeira",
    "description": "Budget I region main research tough. Stock ball you trial ago.",
    "cover": "covers/default.jpg",
    "price": "181.61",
    "stock": 251,
    "released_at": "2025-01-22",
    "pegi": 16,
    "category": 7,
    "platforms": [
      1,
      2,
      6,
      7,
      8
    ]
  }
},
{
  "model": "games.game",
  "pk": 12,
  "fields": {
    "title": "Nova Kakhovka",
    "slug": "nova-kakhovka",
    "description": "Rich discuss often likely thus cultural perhaps fire. Whether state reality street.",
    "cover": "covers/default.jpg",
    "price": "865.07",
    "stock": 331,
    "released_at": "2025-01-23",
    "pegi": 7,
    "category": 10,
    "platforms": [
      1,
      3,
      6,
      8,
      9
    ]
  }
},
{
  "model": "games.game",
  "pk": 13,
  "fields": {
    "title": "Baliuag",
    "slug": "baliuag",
    "description": "International certain here student somebody return cut. Thousand another key activity. Form brother stage dark continue.",
    "cover": "covers/default.jpg",
    "price": "244.55",
    "stock": 37,
    "released_at": "2025-01-12",
    "pegi": 18,
    "category": 10,
    "platforms": [
      1,
      2,
      5,
      8,
      10
    ]
  }
},
{
  "model": "games.game",
  "pk": 14,
  "fields": {
    "title": "Port of Spain",
    "slug": "port-of-spain",
    "description": "Pass ever memory picture simply already. Else around station piece particular million.",
    "cover": "covers/default.jpg",
    "price": "553.14",
    "stock": 34,
    "released_at": "2025-01-11",
    "pegi": 12,
    "category": 1,
    "platforms": [
      1,
      5,
      8,
      9,
      10
    ]
  }
},
{
  "model": "games.game",
  "pk": 15,
  "fields": {
    "title": "Argungu",
    "slug": "argungu",
    "description": "Enough include sense behind. Pick eight hair four language month.",
    "cover": "covers/default.jpg",
    "price": "909.07",
    "stock": 187,
    "released_at": "2025-01-17",
    "pegi": 7,
    "category": 9,
    "platforms": [
      1,
      3,
      6,
      7,
      10
    ]
  }
},
{
  "model": "games.game",
  "pk": 16,
  "fields": {
    "title": "Glogovac",
    "slug": "glogovac",
    "description": "Democratic case office eight gas somebody bad. More relate cold none development question his foot.",
    "cover": "covers/default.jpg",
    "price": "429.72",
    "stock": 246,
    "released_at": "2025-01-03",
    "pegi": 12,
    "category": 3,
    "platforms": [
      1,
      2,
      5,
      6,
      7
    ]
  }
},
{
  "model": "games.game",
  "pk": 17,
  "fields": {
    "title": "Aguadilla",
    "slug": "aguadilla",
    "description": "Dinner two available because look age four. Area subject of rise cup who other. Ground form fill them.",
    "cover": "covers/default.jpg",
    "price": "51.39",
    "stock": 183,
    "released_at": "2025-01-23",
    "pegi": 18,
    "category": 10,
    "platforms": [
      1,
      4,
      6,
      8,
      9
    ]
  }
},
{
  "model": "games.game",
  "pk": 18,
  "fields": {
    "title": "Deltona",
    "slug": "deltona",
    "description": "Your suggest age year. Action sense skin realize wait.",
    "cover": "covers/default.jpg",
    "price": "343.73",
    "stock": 143,
    "released_at": "2025-01-01",
    "pegi": 3,
    "category": 10,
    "platforms": [
      2,
      5,
      6,
      7,
      8
    ]
  }
},
{
  "model": "games.game",
  "pk": 19,
  "fields": {
    "title": "Liaoyang",
    "slug": "liaoyang",
    "description": "Onto news nation discover might interest. Imagine another realize trouble. Anything only natural individual key prevent.",
    "cover": "covers/default.jpg",
    "price": "34.38",
    "stock": 126,
    "released_at": "2025-01-14",
    "pegi": 18,
    "category": 10,
    "platforms": [
      2,
      3,
      4,
      5,
      7
    ]
  }
},
{
  "model": "games.game",
  "pk": 20,
  "fields": {
    "title": "Ventimiglia",
    "slug": "ventimiglia",
    "description": "Either stock south company drug. Cell story myself ability.",
    "cover": "covers/default.jpg",
    "price": "83.07",
    "stock": 386,
    "released_at": "2025-01-23",
    "pegi": 18,
    "category": 4,
    "platforms": [
      4,
      5,
      7,
      9,
      10
    ]
  }
},
{
  "model": "games.game",
  "pk": 21,
  "fields": {
    "title": "Ishim",
    "slug": "ishim",
    "description": "Prove conference whatever east. Move thing everybody card could serious live wrong.",
    "cover": "covers/default.jpg",
    "price": "77.72",
    "stock": 39,
    "released_at": "2025-01-21",
    "pegi": 16,
    "category": 9,
    "platforms": [
      3,
      5,
      6,
      9,
      10
    ]
  }
},
{
  "model": "games.game",
  "pk": 22,
  "fields": {
    "title": "Zvenihorodka",
    "slug": "zvenihorodka",
    "description": "Song between free here after possible. Reality important fact investment military leader environment.",
    "cover": "covers/default.jpg",
    "price": "871.11",
    "stock": 245,
    "released_at": "2025-01-11",
    "pegi": 12,
    "category": 9,
    "platforms": [
      2,
      4,
      5,
      9,
      10
    ]
  }
},
{
  "model": "games.game",
  "pk": 23,
  "fields": {
    "title": "Sicklerville",
    "slug": "sicklerville",
    "description": "Question care general technology rate. Everyone attorney increase local gun stuff should.",
    "cover": "covers/default.jpg",
    "price": "308.78",
    "stock": 304,
    "released_at": "2025-01-05",
    "pegi": 3,
    "category": 3,
    "platforms": [
      4,
      6,
      7,
      8,
      9
    ]
  }
},
{
  "model": "games.game",
  "pk": 24,
  "fields": {
    "title": "Patti",
    "slug": "patti",
    "description": "Space tend finish four stand friend she. Provide operation hot both. Hear population four treat.",
    "cover": "covers/default.jpg",
    "price": "202.07",
    "stock": 482,
    "released_at": "2025-01-11",
    "pegi": 18,
    "category": 6,
    "platforms": [
      1,
      2,
      4,
      8,
      9
    ]
  }
},
{
  "model": "games.game",
  "pk": 25,
  "fields": {
    "title": "Beveren",
    "slug": "beveren",
    "description": "Material short different. Alone society follow operation board care. Involve meeting space future.",
    "cover": "covers/default.jpg",
    "price": "499.87",
    "stock": 271,
    "released_at": "2025-01-03",
    "pegi": 7,
    "category": 8,
    "platforms": [
      2,
      3,
      7,
      8,
      9
    ]
  }
},
{
  "model": "games.game",
  "pk": 26,
  "fields": {
    "title": "Meerut",
    "slug": "meerut",
    "description": "Myself most interest score.",
    "cover": "covers/default.jpg",
    "price": "379.03",
    "stock": 250,
    "released_at": "2024-12-27",
    "pegi": 18,
    "category": 2,
    "platforms": [
      2,
      3,
      4,
      5,
      8
    ]
  }
},
{
  "model": "games.game",
  "pk": 27,
  "fields": {
    "title": "Robertsonpet",
    "slug": "robertsonpet",
    "description": "Guy individual walk person one suddenly. Car share mother safe car decision. Read region away direction ever develop.",
    "cover": "covers/default.jpg",
    "price": "513.79",
    "stock": 300,
    "released_at": "2025-01-13",
    "pegi": 7,
    "category": 2,
    "platforms": [
      1,
      2,
      7,
      8,
      10
    ]
  }
},
{
  "model": "games.game",
  "pk": 28,
  "fields": {
    "title": "Scotch Plains",
    "slug": "scotch-plains",
    "description": "Approach high gas. American suggest offer professor meet. Easy college story prevent interview hand project. Everyone what safe which development everything.",
    "cover": "covers/default.jpg",
    "price": "405.40",
    "stock": 72,
    "released_at": "2025-01-05",
    "pegi": 18,
    "category": 8,
    "platforms": [
      1,
      4,
      5,
      6,
      8
    ]
  }
},
{
  "model": "games.game",
  "pk": 29,
  "fields": {
    "title": "Hardenberg",
    "slug": "hardenberg",
    "description": "Be blue couple drive. Keep fear million movement threat sea certain. What rate mind attorney physical party book.",
    "cover": "covers/default.jpg",
    "price": "334.32",
    "stock": 43,
    "released_at": "2025-01-03",
    "pegi": 3,
    "category": 6,
    "platforms": [
      1,
      3,
      6,
      9,
      10
    ]
  }
},
{
  "model": "games.game",
  "pk": 30,
  "fields": {
    "title": "Novopavlovsk",
    "slug": "novopavlovsk",
    "description": "Structure message financial act structure painting role. Understand hospital analysis magazine. Congress Congress or seek be finally animal. Ten tax phone anything explain kind among.",
    "cover": "covers/default.jpg",
    "price": "698.81",
    "stock": 92,
    "released_at": "2025-01-22",
    "pegi": 3,
    "category": 8,
    "platforms": [
      1,
      4,
      5,
      8,
      9
    ]
  }
},
{
  "model": "games.review",
  "pk": 1,
  "fields": {
    "rating": 5,
    "comment": "Cup try card draw turn service couple. Last site seem television democratic case kid.",
    "game": 1,
    "author": 21,
    "created_at": "2025-01-24T20:15:03.443Z",
    "updated_at": "2025-01-24T20:15:03.443Z"
  }
},
{
  "model": "games.review",
  "pk": 2,
  "fields": {
    "rating": 2,
    "comment": "Feel theory gas page leg however for. Guess fund point under.",
    "game": 1,
    "author": 16,
    "created_at": "2025-01-24T20:15:03.444Z",
    "updated_at": "2025-01-24T20:15:03.444Z"
  }
},
{
  "model": "games.review",
  "pk": 3,
  "fields": {
    "rating": 4,
    "comment": "Investment go turn leave. Plan son page sit catch interview.",
    "game": 1,
    "author": 18,
    "created_at": "2025-01-24T20:15:03.444Z",
    "updated_at": "2025-01-24T20:15:03.444Z"
  }
},
{
  "model": "games.review",
  "pk": 4,
  "fields": {
    "rating": 2,
    "comment": "Usually society surface memory account role. Party message push agree everyone yes.",
    "game": 1,
    "author": 13,
    "created_at": "2025-01-24T20:15:03.444Z",
    "updated_at": "2025-01-24T20:15:03.444Z"
  }
},
{
  "model": "games.review",
  "pk": 5,
  "fields": {
    "rating": 4,
    "comment": "Gun since view prepare son. Speak fast beyond member.",
    "game": 1,
    "author": 11,
    "created_at": "2025-01-24T20:15:03.445Z",
    "updated_at": "2025-01-24T20:15:03.445Z"
  }
},
{
  "model": "games.review",
  "pk": 6,
  "fields": {
    "rating": 5,
    "comment": "Attack under yard discussion. Shake stock hard moment magazine car.",
    "game": 2,
    "author": 2,
    "created_at": "2025-01-24T20:15:03.445Z",
    "updated_at": "2025-01-24T20:15:03.445Z"
  }
},
{
  "model": "games.review",
  "pk": 7,
  "fields": {
    "rating": 2,
    "comment": "Different four street foot executive live something collection. Political physical president drug. Employee keep do first state.",
    "game": 2,
    "author": 5,
    "created_at": "2025-01-24T20:15:03.445Z",
    "updated_at": "2025-01-24T20:15:03.445Z"
  }
},
{
  "model": "games.review",
  "pk": 8,
  "fields": {
    "rating": 5,
    "comment": "Inside best money early window as. Television today involve picture. Include within two cup question now. Attorney stock end town marriage.",
    "game": 2,
    "author": 21,
    "created_at": "2025-01-24T20:15:03.446Z",
    "updated_at": "2025-01-24T20:15:03.446Z"
  }
},
{
  "model": "games.review",
  "pk": 9,
  "fields": {
    "rating": 5,
    "comment": "Argue baby special effect leader according. Mother adult another hold.",
    "game": 2,
    "author": 21,
    "created_at": "2025-01-24T20:15:03.446Z",
    "updated_at": "2025-01-24T20:15:03.446Z"
  }
},
{
  "model": "games.review",
  "pk": 10,
  "fields": {
    "rating": 1,
    "comment": "Politics long police economy. Beyond third debate.",
    "game": 2,
    "author": 12,
    "created_at": "2025-01-24T20:15:03.447Z",
    "updated_at": "2025-01-24T20:15:03.447Z"
  }
},
{
  "model": "games.review",
  "pk": 11,
  "fields": {
    "rating": 2,
    "comment": "Despite cut you along miss drug few. Drug necessary financial become language manager.",
    "game": 3,
    "author": 4,
    "created_at": "2025-01-24T20:15:03.447Z",
    "updated_at": "2025-01-24T20:15:03.447Z"
  }
},
{
  "model": "games.review",
  "pk": 12,
  "fields": {
    "rating": 5,
    "comment": "Offer animal enjoy. Part these effort election focus chair base.",
    "game": 3,
    "author": 5,
    "created_at": "2025-01-24T20:15:03.447Z",
    "updated_at": "2025-01-24T20:15:03.447Z"
  }
},
{
  "model": "games.review",
  "pk": 13,
  "fields": {
    "rating": 3,
    "comment": "North go stage about generation expect. Forget part tree represent behavior. Tv degree stock general send.",
    "game": 3,
    "author": 3,
    "created_at": "2025-01-24T20:15:03.448Z",
    "updated_at": "2025-01-24T20:15:03.448Z"
  }
},
{
  "model": "games.review",
  "pk": 14,
  "fields": {
    "rating": 4,
    "comment": "Guess smile trouble physical while pattern camera. Kind north property even total. Sign time team break.",
    "game": 3,
    "author": 12,
    "created_at": "2025-01-24T20:15:03.448Z",
    "updated_at": "2025-01-24T20:15:03.448Z"
  }
},
{
  "model": "games.review",
  "pk": 15,
  "fields": {
    "rating": 5,
    "comment": "Cultural high big our wrong morning. Scientist my growth finally kind crime. Southern address series rest poor office.",
    "game": 3,
    "author": 7,
    "created_at": "2025-01-24T20:15:03.448Z",
    "updated_at": "2025-01-24T20:15:03.448Z"
  }
},
{
  "model": "games.review",
  "pk": 16,
  "fields": {
    "rating": 5,
    "comment": "Consider professional happen guess court degree. Main land energy number nearly voice what street. Difficult seven different statement behind with seat. Work understand page week with control.",
    "game": 4,
    "author": 14,
    "created_at": "2025-01-24T20:15:03.449Z",
    "updated_at": "2025-01-24T20:15:03.449Z"
  }
},
{
  "model": "games.review",
  "pk": 17,
  "fields": {
    "rating": 1,
    "comment": "Federal service hard somebody pretty lead. Season industry build sing. Certainly make beautiful entire a.",
    "game": 4,
    "author": 5,
    "created_at": "2025-01-24T20:15:03.449Z",
    "updated_at": "2025-01-24T20:15:03.449Z"
  }
},
{
  "model": "games.review",
  "pk": 18,
  "fields": {
    "rating": 3,
    "comment": "Many interview situation become. Who cut claim then black painting.",
    "game": 4,
    "author": 13,
    "created_at": "2025-01-24T20:15:03.449Z",
    "updated_at": "2025-01-24T20:15:03.449Z"
  }
},
{
  "model": "games.review",
  "pk": 19,
  "fields": {
    "rating": 5,
    "comment": "Food ball born garden. Purpose relationship item benefit human compare.",
    "game": 4,
    "author": 6,
    "created_at": "2025-01-24T20:15:03.450Z",
    "updated_at": "2025-01-24T20:15:03.450Z"
  }
},
{
  "model": "games.review",
  "pk": 20,
  "fields": {
    "rating": 3,
    "comment": "Simply position education enter itself up board. Data chance example rest sister wish during.",
    "game": 4,
    "author": 1,
    "created_at": "2025-01-24T20:15:03.450Z",
    "updated_at": "2025-01-24T20:15:03.450Z"
  }
},
{
  "model": "games.review",
  "pk": 21,
  "fields": {
    "rating": 5,
    "comment": "Own every prove organization author. Wait gas collection and get far at able.",
    "game": 5,
    "author": 8,
    "created_at": "2025-01-24T20:15:03.451Z",
    "updated_at": "2025-01-24T20:15:03.451Z"
  }
},
{
  "model": "games.review",
  "pk": 22,
  "fields": {
    "rating": 4,
    "comment": "Sell should simple deal increase address cup wrong. Player radio stuff model mind. Carry ahead federal read sound choice.",
    "game": 5,
    "author": 1,
    "created_at": "2025-01-24T20:15:03.451Z",
    "updated_at": "2025-01-24T20:15:03.451Z"
  }
},
{
  "model": "games.review",
  "pk": 23,
  "fields": {
    "rating": 3,
    "comment": "Find policy force six. Business ok science specific sense. Administration loss any bag cup game draw enjoy.",
    "game": 5,
    "author": 7,
    "created_at": "2025-01-24T20:15:03.452Z",
    "updated_at": "2025-01-24T20:15:03.452Z"
  }
},
{
  "model": "games.review",
  "pk": 24,
  "fields": {
    "rating": 5,
    "comment": "Part hot name what almost money several. Peace still outside different campaign work answer. Doctor expect rest friend he reduce.",
    "game": 5,
    "author": 20,
    "created_at": "2025-01-24T20:15:03.452Z",
    "updated_at": "2025-01-24T20:15:03.452Z"
  }
},
{
  "model": "games.review",
  "pk": 25,
  "fields": {
    "rating": 5,
    "comment": "Real break assume central brother. Staff wonder somebody pattern sing happen.",
    "game": 5,
    "author": 21,
    "created_at": "2025-01-24T20:15:03.453Z",
    "updated_at": "2025-01-24T20:15:03.453Z"
  }
},
{
  "model": "games.review",
  "pk": 26,
  "fields": {
    "rating": 2,
    "comment": "May test up plant interview. Way allow identify yard. Peace role short road baby southern son.",
    "game": 6,
    "author": 13,
    "created_at": "2025-01-24T20:15:03.453Z",
    "updated_at": "2025-01-24T20:15:03.453Z"
  }
},
{
  "model": "games.review",
  "pk": 27,
  "fields": {
    "rating": 4,
    "comment": "Knowledge Mr pass. Figure long live huge true view others. Treatment subject place up responsibility few he him.",
    "game": 6,
    "author": 10,
    "created_at": "2025-01-24T20:15:03.454Z",
    "updated_at": "2025-01-24T20:15:03.454Z"
  }
},
{
  "model": "games.review",
  "pk": 28,
  "fields": {
    "rating": 5,
    "comment": "Hot treatment single business. Investment little might dark very. Science pretty exist worry leader road inside.",
    "game": 6,
    "author": 19,
    "created_at": "2025-01-24T20:15:03.454Z",
    "updated_at": "2025-01-24T20:15:03.454Z"
  }
},
{
  "model": "games.review",
  "pk": 29,
  "fields": {
    "rating": 2,
    "comment": "Doctor force environmental type professional rate sometimes. Executive control success much leave doctor any in. Few throughout himself return. Join trip campaign.",
    "game": 6,
    "author": 7,
    "created_at": "2025-01-24T20:15:03.454Z",
    "updated_at": "2025-01-24T20:15:03.454Z"
  }
},
{
  "model": "games.review",
  "pk": 30,
  "fields": {
    "rating": 4,
    "comment": "Rich material nice eight who. Job enjoy north grow past fly. Candidate explain them American fear.",
    "game": 6,
    "author": 15,
    "created_at": "2025-01-24T20:15:03.455Z",
    "updated_at": "2025-01-24T20:15:03.455Z"
  }
},
{
  "model": "games.review",
  "pk": 31,
  "fields": {
    "rating": 2,
    "comment": "Interesting talk final food. Stage sound add difference. Give as authority tend office.",
    "game": 7,
    "author": 18,
    "created_at": "2025-01-24T20:15:03.455Z",
    "updated_at": "2025-01-24T20:15:03.455Z"
  }
},
{
  "model": "games.review",
  "pk": 32,
  "fields": {
    "rating": 2,
    "comment": "Fear pay support pass. Detail population score them decade agency.",
    "game": 7,
    "author": 16,
    "created_at": "2025-01-24T20:15:03.456Z",
    "updated_at": "2025-01-24T20:15:03.456Z"
  }
},
{
  "model": "games.review",
  "pk": 33,
  "fields": {
    "rating": 4,
    "comment": "Trial Mr behind color west mind. Keep believe alone political TV. Remember another magazine.",
    "game": 7,
    "author": 2,
    "created_at": "2025-01-24T20:15:03.456Z",
    "updated_at": "2025-01-24T20:15:03.456Z"
  }
},
{
  "model": "games.review",
  "pk": 34,
  "fields": {
    "rating": 2,
    "comment": "Easy age serious owner. Lose see necessary cold happy.",
    "game": 7,
    "author": 17,
    "created_at": "2025-01-24T20:15:03.456Z",
    "updated_at": "2025-01-24T20:15:03.456Z"
  }
},
{
  "model": "games.review",
  "pk": 35,
  "fields": {
    "rating": 1,
    "comment": "Face table but cold hit opportunity whom. Man ever learn again. Seek imagine because generation present article.",
    "game": 7,
    "author": 1,
    "created_at": "2025-01-24T20:15:03.457Z",
    "updated_at": "2025-01-24T20:15:03.457Z"
  }
},
{
  "model": "games.review",
  "pk": 36,
  "fields": {
    "rating": 1,
    "comment": "But affect ago song maybe country. Question raise by place.",
    "game": 8,
    "author": 9,
    "created_at": "2025-01-24T20:15:03.457Z",
    "updated_at": "2025-01-24T20:15:03.457Z"
  }
},
{
  "model": "games.review",
  "pk": 37,
  "fields": {
    "rating": 1,
    "comment": "Rock fight rather artist laugh tax mean. Leave office eat.",
    "game": 8,
    "author": 9,
    "created_at": "2025-01-24T20:15:03.457Z",
    "updated_at": "2025-01-24T20:15:03.457Z"
  }
},
{
  "model": "games.review",
  "pk": 38,
  "fields": {
    "rating": 1,
    "comment": "Question education Congress itself increase south face. Ok majority notice huge.",
    "game": 8,
    "author": 19,
    "created_at": "2025-01-24T20:15:03.458Z",
    "updated_at": "2025-01-24T20:15:03.458Z"
  }
},
{
  "model": "games.review",
  "pk": 39,
  "fields": {
    "rating": 3,
    "comment": "Fire rule wonder onto. Condition discussion story society. Find call your finally.",
    "game": 8,
    "author": 16,
    "created_at": "2025-01-24T20:15:03.458Z",
    "updated_at": "2025-01-24T20:15:03.458Z"
  }
},
{
  "model": "games.review",
  "pk": 40,
  "fields": {
    "rating": 4,
    "comment": "Certain they born action at book. Them rest various show there single.",
    "game": 8,
    "author": 15,
    "created_at": "2025-01-24T20:15:03.458Z",
    "updated_at": "2025-01-24T20:15:03.458Z"
  }
},
{
  "model": "games.review",
  "pk": 41,
  "fields": {
    "rating": 4,
    "comment": "Note others establish ground never else.",
    "game": 9,
    "author": 6,
    "created_at": "2025-01-24T20:15:03.459Z",
    "updated_at": "2025-01-24T20:15:03.459Z"
  }
},
{
  "model": "games.review",
  "pk": 42,
  "fields": {
    "rating": 2,
    "comment": "After require single organization drop you clearly. Win market stage cultural.",
    "game": 9,
    "author": 18,
    "created_at": "2025-01-24T20:15:03.459Z",
    "updated_at": "2025-01-24T20:15:03.459Z"
  }
},
{
  "model": "games.review",
  "pk": 43,
  "fields": {
    "rating": 5,
    "comment": "Among interview ball notice on area. Beat respond campaign fear to job worker. Current finally expect tell foreign.",
    "game": 9,
    "author": 18,
    "created_at": "2025-01-24T20:15:03.460Z",
    "updated_at": "2025-01-24T20:15:03.460Z"
  }
},
{
  "model": "games.review",
  "pk": 44,
  "fields": {
    "rating": 1,
    "comment": "Describe view edge either worry. Political into visit. Wind blood success company yes response choose.",
    "game": 9,
    "author": 6,
    "created_at": "2025-01-24T20:15:03.460Z",
    "updated_at": "2025-01-24T20:15:03.460Z"
  }
},
{
  "model": "games.review",
  "pk": 45,
  "fields": {
    "rating": 1,
    "comment": "Draw pick someone election change. Even exactly central where teacher. Send chair safe you account.",
    "game": 9,
    "author": 1,
    "created_at": "2025-01-24T20:15:03.460Z",
    "updated_at": "2025-01-24T20:15:03.460Z"
  }
},
{
  "model": "games.review",
  "pk": 46,
  "fields": {
    "rating": 2,
    "comment": "Less do us probably. Either including analysis medical. Recent center change fear stop lawyer necessary citizen.",
    "game": 10,
    "author": 16,
    "created_at": "2025-01-24T20:15:03.461Z",
    "updated_at": "2025-01-24T20:15:03.461Z"
  }
},
{
  "model": "games.review",
  "pk": 47,
  "fields": {
    "rating": 5,
    "comment": "Sing parent house wide into. Set hold two science. A prepare herself character out. Behind writer candidate role view movement establish follow.",
    "game": 10,
    "author": 7,
    "created_at": "2025-01-24T20:15:03.461Z",
    "updated_at": "2025-01-24T20:15:03.461Z"
  }
},
{
  "model": "games.review",
  "pk": 48,
  "fields": {
    "rating": 4,
    "comment": "Property wind herself then what. Skin million citizen main customer side my.",
    "game": 10,
    "author": 1,
    "created_at": "2025-01-24T20:15:03.462Z",
    "updated_at": "2025-01-24T20:15:03.462Z"
  }
},
{
  "model": "games.review",
  "pk": 49,
  "fields": {
    "rating": 2,
    "comment": "Recent notice child government church perhaps. Very wall need major role project across.",
    "game": 10,
    "author": 20,
    "created_at": "2025-01-24T20:15:03.462Z",
    "updated_at": "2025-01-24T20:15:03.462Z"
  }
},
{
  "model": "games.review",
  "pk": 50,
  "fields": {
    "rating": 5,
    "comment": "Quite one official give sign. Hour develop present crime wind this.",
    "game": 10,
    "author": 15,
    "created_at": "2025-01-24T20:15:03.463Z",
    "updated_at": "2025-01-24T20:15:03.463Z"
  }
},
{
  "model": "games.review",
  "pk": 51,
  "fields": {
    "rating": 5,
    "comment": "Activity art one more. Better ball though meet really drive everyone.",
    "game": 11,
    "author": 4,
    "created_at": "2025-01-24T20:15:03.463Z",
    "updated_at": "2025-01-24T20:15:03.463Z"
  }
},
{
  "model": "games.review",
  "pk": 52,
  "fields": {
    "rating": 5,
    "comment": "Ever particular matter building.",
    "game": 11,
    "author": 16,
    "created_at": "2025-01-24T20:15:03.464Z",
    "updated_at": "2025-01-24T20:15:03.464Z"
  }
},
{
  "model": "games.review",
  "pk": 53,
  "fields": {
    "rating": 2,
    "comment": "Wife contain forget without benefit story make ask. Us employee according raise big.",
    "game": 11,
    "author": 8,
    "created_at": "2025-01-24T20:15:03.464Z",
    "updated_at": "2025-01-24T20:15:03.464Z"
  }
},
{
  "model": "games.review",
  "pk": 54,
  "fields": {
    "rating": 1,
    "comment": "Time join deep land between trade.",
    "game": 11,
    "author": 16,
    "created_at": "2025-01-24T20:15:03.464Z",
    "updated_at": "2025-01-24T20:15:03.464Z"
  }
},
{
  "model": "games.review",
  "pk": 55,
  "fields": {
    "rating": 4,
    "comment": "You study follow growth. Book lose skill ahead day well yard.",
    "game": 11,
    "author": 18,
    "created_at": "2025-01-24T20:15:03.465Z",
    "updated_at": "2025-01-24T20:15:03.465Z"
  }
},
{
  "model": "games.review",
  "pk": 56,
  "fields": {
    "rating": 3,
    "comment": "Live everything into themselves. Hand bring offer bad build anything. View than cup evidence. Sea laugh enter marriage even area beat.",
    "game": 12,
    "author": 20,
    "created_at": "2025-01-24T20:15:03.465Z",
    "updated_at": "2025-01-24T20:15:03.465Z"
  }
},
{
  "model": "games.review",
  "pk": 57,
  "fields": {
    "rating": 1,
    "comment": "Perform high involve all. And investment area.",
    "game": 12,
    "author": 11,
    "created_at": "2025-01-24T20:15:03.465Z",
    "updated_at": "2025-01-24T20:15:03.465Z"
  }
},
{
  "model": "games.review",
  "pk": 58,
  "fields": {
    "rating": 4,
    "comment": "Near a address one. Clearly PM less know various him last despite.",
    "game": 12,
    "author": 20,
    "created_at": "2025-01-24T20:15:03.466Z",
    "updated_at": "2025-01-24T20:15:03.466Z"
  }
},
{
  "model": "games.review",
  "pk": 59,
  "fields": {
    "rating": 5,
    "comment": "Sort start drop chance impact back science. Let beat actually simple sense fight.",
    "game": 12,
    "author": 4,
    "created_at": "2025-01-24T20:15:03.466Z",
    "updated_at": "2025-01-24T20:15:03.466Z"
  }
},
{
  "model": "games.review",
  "pk": 60,
  "fields": {
    "rating": 5,
    "comment": "Administration read group next country management sport. Arrive instead fact woman will should also detail.",
    "game": 12,
    "author": 9,
    "created_at": "2025-01-24T20:15:03.467Z",
    "updated_at": "2025-01-24T20:15:03.467Z"
  }
},
{
  "model": "games.review",
  "pk": 61,
  "fields": {
    "rating": 4,
    "comment": "Customer what shoulder onto way collection analysis need.",
    "game": 13,
    "author": 17,
    "created_at": "2025-01-24T20:15:03.467Z",
    "updated_at": "2025-01-24T20:15:03.467Z"
  }
},
{
  "model": "games.review",
  "pk": 62,
  "fields": {
    "rating": 3,
    "comment": "Order Mrs into anything music. Reflect them fish red without. Throw happen lay even painting senior thank.",
    "game": 13,
    "author": 6,
    "created_at": "2025-01-24T20:15:03.467Z",
    "updated_at": "2025-01-24T20:15:03.467Z"
  }
},
{
  "model": "games.review",
  "pk": 63,
  "fields": {
    "rating": 5,
    "comment": "Drug open about beyond color pretty. Less visit baby theory dream our whole determine.",
    "game": 13,
    "author": 1,
    "created_at": "2025-01-24T20:15:03.468Z",
    "updated_at": "2025-01-24T20:15:03.468Z"
  }
},
{
  "model": "games.review",
  "pk": 64,
  "fields": {
    "rating": 3,
    "comment": "Small will enter everyone they of bank. Simple few operation at real alone. Join young smile shoulder cover summer audience.",
    "game": 13,
    "author": 16,
    "created_at": "2025-01-24T20:15:03.468Z",
    "updated_at": "2025-01-24T20:15:03.468Z"
  }
},
{
  "model": "games.review",
  "pk": 65,
  "fields": {
    "rating": 2,
    "comment": "Wonder enter something guess bring move a. Issue usually bring future professional hundred.",
    "game": 13,
    "author": 18,
    "created_at": "2025-01-24T20:15:03.468Z",
    "updated_at": "2025-01-24T20:15:03.468Z"
  }
},
{
  "model": "games.review",
  "pk": 66,
  "fields": {
    "rating": 3,
    "comment": "Letter next hot lawyer shake. Parent away strong long write page travel. Chance staff letter laugh condition certainly hour.",
    "game": 14,
    "author": 6,
    "created_at": "2025-01-24T20:15:03.469Z",
    "updated_at": "2025-01-24T20:15:03.469Z"
  }
},
{
  "model": "games.review",
  "pk": 67,
  "fields": {
    "rating": 4,
    "comment": "Rise send yeah occur. Occur happen media how our. Data media floor.",
    "game": 14,
    "author": 1,
    "created_at": "2025-01-24T20:15:03.469Z",
    "updated_at": "2025-01-24T20:15:03.469Z"
  }
},
{
  "model": "games.review",
  "pk": 68,
  "fields": {
    "rating": 2,
    "comment": "Read mind check pay PM. This building already car produce spend different. Provide general more purpose force experience. Into thousand back manage short.",
    "game": 14,
    "author": 10,
    "created_at": "2025-01-24T20:15:03.469Z",
    "updated_at": "2025-01-24T20:15:03.469Z"
  }
},
{
  "model": "games.review",
  "pk": 69,
  "fields": {
    "rating": 4,
    "comment": "Deal sell call level site late. The certainly lawyer center. Control moment so carry between coach.",
    "game": 14,
    "author": 15,
    "created_at": "2025-01-24T20:15:03.470Z",
    "updated_at": "2025-01-24T20:15:03.470Z"
  }
},
{
  "model": "games.review",
  "pk": 70,
  "fields": {
    "rating": 5,
    "comment": "Lot rock but senior radio control billion look. Fall economy address policy least authority time surface. Author state fund know have concern light.",
    "game": 14,
    "author": 11,
    "created_at": "2025-01-24T20:15:03.470Z",
    "updated_at": "2025-01-24T20:15:03.470Z"
  }
},
{
  "model": "games.review",
  "pk": 71,
  "fields": {
    "rating": 4,
    "comment": "Data prevent each common. He heavy wish. Positive however matter cost matter defense.",
    "game": 15,
    "author": 5,
    "created_at": "2025-01-24T20:15:03.471Z",
    "updated_at": "2025-01-24T20:15:03.471Z"
  }
},
{
  "model": "games.review",
  "pk": 72,
  "fields": {
    "rating": 2,
    "comment": "Himself keep work candidate religious more father. Down rest both factor fish time third.",
    "game": 15,
    "author": 15,
    "created_at": "2025-01-24T20:15:03.471Z",
    "updated_at": "2025-01-24T20:15:03.471Z"
  }
},
{
  "model": "games.review",
  "pk": 73,
  "fields": {
    "rating": 2,
    "comment": "Guess manage group training treat. Trouble meet stage beyond left important material. Cell view bit nature. Professional yes test clearly international.",
    "game": 15,
    "author": 10,
    "created_at": "2025-01-24T20:15:03.472Z",
    "updated_at": "2025-01-24T20:15:03.472Z"
  }
},
{
  "model": "games.review",
  "pk": 74,
  "fields": {
    "rating": 3,
    "comment": "My whom each step yet. Concern for responsibility recent much summer quality loss. Discuss theory player paper cover hand pick condition.",
    "game": 15,
    "author": 16,
    "created_at": "2025-01-24T20:15:03.472Z",
    "updated_at": "2025-01-24T20:15:03.472Z"
  }
},
{
  "model": "games.review",
  "pk": 75,
  "fields": {
    "rating": 3,
    "comment": "Grow issue they such better.",
    "game": 15,
    "author": 5,
    "created_at": "2025-01-24T20:15:03.472Z",
    "updated_at": "2025-01-24T20:15:03.472Z"
  }
},
{
  "model": "games.review",
  "pk": 76,
  "fields": {
    "rating": 2,
    "comment": "Eye go break past fear night. Manager boy break nor successful whom interest. The fine nothing participant.",
    "game": 16,
    "author": 7,
    "created_at": "2025-01-24T20:15:03.473Z",
    "updated_at": "2025-01-24T20:15:03.473Z"
  }
},
{
  "model": "games.review",
  "pk": 77,
  "fields": {
    "rating": 2,
    "comment": "Public detail some bad. Remain anyone bar.",
    "game": 16,
    "author": 4,
    "created_at": "2025-01-24T20:15:03.473Z",
    "updated_at": "2025-01-24T20:15:03.473Z"
  }
},
{
  "model": "games.review",
  "pk": 78,
  "fields": {
    "rating": 4,
    "comment": "But suffer sign short. Particularly article value deal middle recent admit. Police service study style exist each.",
    "game": 16,
    "author": 18,
    "created_at": "2025-01-24T20:15:03.474Z",
    "updated_at": "2025-01-24T20:15:03.474Z"
  }
},
{
  "model": "games.review",
  "pk": 79,
  "fields": {
    "rating": 1,
    "comment": "Month near ask contain table quickly. Sister others anyone accept skin.",
    "game": 16,
    "author": 21,
    "created_at": "2025-01-24T20:15:03.474Z",
    "updated_at": "2025-01-24T20:15:03.474Z"
  }
},
{
  "model": "games.review",
  "pk": 80,
  "fields": {
    "rating": 3,
    "comment": "Bank he direction structure. Shake commercial beautiful thank. Pattern prepare role bill. Seem spend most cold fly again machine.",
    "game": 16,
    "author": 13,
    "created_at": "2025-01-24T20:15:03.474Z",
    "updated_at": "2025-01-24T20:15:03.474Z"
  }
},
{
  "model": "games.review",
  "pk": 81,
  "fields": {
    "rating": 2,
    "comment": "Sport what prepare. Great friend table yard ground less. Democratic assume star. Such particular open listen rock like.",
    "game": 17,
    "author": 1,
    "created_at": "2025-01-24T20:15:03.475Z",
    "updated_at": "2025-01-24T20:15:03.475Z"
  }
},
{
  "model": "games.review",
  "pk": 82,
  "fields": {
    "rating": 5,
    "comment": "Require human network likely. Travel ball most hard above local.",
    "game": 17,
    "author": 18,
    "created_at": "2025-01-24T20:15:03.475Z",
    "updated_at": "2025-01-24T20:15:03.475Z"
  }
},
{
  "model": "games.review",
  "pk": 83,
  "fields": {
    "rating": 1,
    "comment": "Figure likely cut million perform they house PM. Seem draw close hour animal. Visit gas player a able.",
    "game": 17,
    "author": 6,
    "created_at": "2025-01-24T20:15:03.475Z",
    "updated_at": "2025-01-24T20:15:03.475Z"
  }
},
{
  "model": "games.review",
  "pk": 84,
  "fields": {
    "rating": 4,
    "comment": "Mind move first upon anything weight foot. Cell place condition drop air. Industry month mind manager.",
    "game": 17,
    "author": 17,
    "created_at": "2025-01-24T20:15:03.476Z",
    "updated_at": "2025-01-24T20:15:03.476Z"
  }
},
{
  "model": "games.review",
  "pk": 85,
  "fields": {
    "rating": 2,
    "comment": "Eye herself middle media dog quickly fire. Unit floor concern picture hand very student. Movement expect seat practice president future. Star group off full authority hit mention.",
    "game": 17,
    "author": 1,
    "created_at": "2025-01-24T20:15:03.476Z",
    "updated_at": "2025-01-24T20:15:03.476Z"
  }
},
{
  "model": "games.review",
  "pk": 86,
  "fields": {
    "rating": 5,
    "comment": "Candidate create consider never talk improve receive. Physical finish song civil investment continue other. Each ask tend religious maintain avoid. Light specific good up then outside would.",
    "game": 18,
    "author": 3,
    "created_at": "2025-01-24T20:15:03.476Z",
    "updated_at": "2025-01-24T20:15:03.476Z"
  }
},
{
  "model": "games.review",
  "pk": 87,
  "fields": {
    "rating": 4,
    "comment": "War citizen your summer wonder body information. Energy travel argue over enjoy. Then maybe and also.",
    "game": 18,
    "author": 11,
    "created_at": "2025-01-24T20:15:03.477Z",
    "updated_at": "2025-01-24T20:15:03.477Z"
  }
},
{
  "model": "games.review",
  "pk": 88,
  "fields": {
    "rating": 2,
    "comment": "Catch majority wonder near. Church expert play bed feeling movement.",
    "game": 18,
    "author": 11,
    "created_at": "2025-01-24T20:15:03.477Z",
    "updated_at": "2025-01-24T20:15:03.477Z"
  }
},
{
  "model": "games.review",
  "pk": 89,
  "fields": {
    "rating": 2,
    "comment": "Maintain approach executive management majority likely. Think ten way. Center fly rich trade.",
    "game": 18,
    "author": 21,
    "created_at": "2025-01-24T20:15:03.478Z",
    "updated_at": "2025-01-24T20:15:03.478Z"
  }
},
{
  "model": "games.review",
  "pk": 90,
  "fields": {
    "rating": 2,
    "comment": "Travel majority kind deal security participant drop mission. Discover than painting though race tell sea. Shoulder chance today best.",
    "game": 18,
    "author": 7,
    "created_at": "2025-01-24T20:15:03.478Z",
    "updated_at": "2025-01-24T20:15:03.478Z"
  }
},
{
  "model": "games.review",
  "pk": 91,
  "fields": {
    "rating": 2,
    "comment": "Trial crime nice administration us. Movie possible arm light bill.",
    "game": 19,
    "author": 4,
    "created_at": "2025-01-24T20:15:03.478Z",
    "updated_at": "2025-01-24T20:15:03.478Z"
  }
},
{
  "model": "games.review",
  "pk": 92,
  "fields": {
    "rating": 1,
    "comment": "Employee by bed theory argue line source. Often ready newspaper must bit.",
    "game": 19,
    "author": 17,
    "created_at": "2025-01-24T20:15:03.479Z",
    "updated_at": "2025-01-24T20:15:03.479Z"
  }
},
{
  "model": "games.review",
  "pk": 93,
  "fields": {
    "rating": 3,
    "comment": "Address read half. Go describe community region through.",
    "game": 19,
    "author": 1,
    "created_at": "2025-01-24T20:15:03.479Z",
    "updated_at": "2025-01-24T20:15:03.479Z"
  }
},
{
  "model": "games.review",
  "pk": 94,
  "fields": {
    "rating": 5,
    "comment": "Lawyer address become. Yeah build nearly student often write computer.",
    "game": 19,
    "author": 6,
    "created_at": "2025-01-24T20:15:03.479Z",
    "updated_at": "2025-01-24T20:15:03.479Z"
  }
},
{
  "model": "games.review",
  "pk": 95,
  "fields": {
    "rating": 2,
    "comment": "Computer worry system behind deal stuff anything. Ball recent write mind. Threat alone necessary. Mean box quality shoulder.",
    "game": 19,
    "author": 19,
    "created_at": "2025-01-24T20:15:03.480Z",
    "updated_at": "2025-01-24T20:15:03.480Z"
  }
},
{
  "model": "games.review",
  "pk": 96,
  "fields": {
    "rating": 3,
    "comment": "Budget a past why. Perform affect really eat surface. Anyone east person season meeting action land.",
    "game": 20,
    "author": 7,
    "created_at": "2025-01-24T20:15:03.480Z",
    "updated_at": "2025-01-24T20:15:03.480Z"
  }
},
{
  "model": "games.review",
  "pk": 97,
  "fields": {
    "rating": 4,
    "comment": "Special him believe her. Option west industry member political theory cultural receive. Expert four campaign technology.",
    "game": 20,
    "author": 1,
    "created_at": "2025-01-24T20:15:03.480Z",
    "updated_at": "2025-01-24T20:15:03.480Z"
  }
},
{
  "model": "games.review",
  "pk": 98,
  "fields": {
    "rating": 5,
    "comment": "Thousand near PM quality in employee statement. Community sure wear program will through across.",
    "game": 20,
    "author": 20,
    "created_at": "2025-01-24T20:15:03.481Z",
    "updated_at": "2025-01-24T20:15:03.481Z"
  }
},
{
  "model": "games.review",
  "pk": 99,
  "fields": {
    "rating": 4,
    "comment": "Crime factor billion significant activity again civil why. Live scientist bed.",
    "game": 20,
    "author": 11,
    "created_at": "2025-01-24T20:15:03.481Z",
    "updated_at": "2025-01-24T20:15:03.481Z"
  }
},
{
  "model": "games.review",
  "pk": 100,
  "fields": {
    "rating": 5,
    "comment": "Edge determine per computer. Decade between direction point certain add. Use finish allow traditional rest today still age.",
    "game": 20,
    "author": 21,
    "created_at": "2025-01-24T20:15:03.482Z",
    "updated_at": "2025-01-24T20:15:03.482Z"
  }
},
{
  "model": "games.review",
  "pk": 101,
  "fields": {
    "rating": 5,
    "comment": "Better great which. Hand sport population support.",
    "game": 21,
    "author": 11,
    "created_at": "2025-01-24T20:15:03.482Z",
    "updated_at": "2025-01-24T20:15:03.482Z"
  }
},
{
  "model": "games.review",
  "pk": 102,
  "fields": {
    "rating": 4,
    "comment": "Mrs one serve hotel.",
    "game": 21,
    "author": 4,
    "created_at": "2025-01-24T20:15:03.482Z",
    "updated_at": "2025-01-24T20:15:03.482Z"
  }
},
{
  "model": "games.review",
  "pk": 103,
  "fields": {
    "rating": 2,
    "comment": "Authority new professional social adult voice card. Several represent whether trade. Decide with close forget seven.",
    "game": 21,
    "author": 9,
    "created_at": "2025-01-24T20:15:03.483Z",
    "updated_at": "2025-01-24T20:15:03.483Z"
  }
},
{
  "model": "games.review",
  "pk": 104,
  "fields": {
    "rating": 4,
    "comment": "His much prevent before despite institution ever. Resource economic win arm.",
    "game": 21,
    "author": 9,
    "created_at": "2025-01-24T20:15:03.483Z",
    "updated_at": "2025-01-24T20:15:03.483Z"
  }
},
{
  "model": "games.review",
  "pk": 105,
  "fields": {
    "rating": 3,
    "comment": "Star price baby dinner memory. Pay add sign personal stay air hand series.",
    "game": 21,
    "author": 19,
    "created_at": "2025-01-24T20:15:03.484Z",
    "updated_at": "2025-01-24T20:15:03.484Z"
  }
},
{
  "model": "games.review",
  "pk": 106,
  "fields": {
    "rating": 4,
    "comment": "Try the late shoulder reality happy piece. List skin soon father probably occur organization issue. Impact stage two consumer even case for.",
    "game": 22,
    "author": 20,
    "created_at": "2025-01-24T20:15:03.484Z",
    "updated_at": "2025-01-24T20:15:03.484Z"
  }
},
{
  "model": "games.review",
  "pk": 107,
  "fields": {
    "rating": 2,
    "comment": "The return full number prove its left former. Movement on member if option dog.",
    "game": 22,
    "author": 6,
    "created_at": "2025-01-24T20:15:03.484Z",
    "updated_at": "2025-01-24T20:15:03.484Z"
  }
},
{
  "model": "games.review",
  "pk": 108,
  "fields": {
    "rating": 2,
    "comment": "Concern itself join explain. Training information behavior discuss.",
    "game": 22,
    "author": 12,
    "created_at": "2025-01-24T20:15:03.485Z",
    "updated_at": "2025-01-24T20:15:03.485Z"
  }
},
{
  "model": "games.review",
  "pk": 109,
  "fields": {
    "rating": 1,
    "comment": "Administration seem people six feeling. Together ability mouth energy system science. Actually be success.",
    "game": 22,
    "author": 6,
    "created_at": "2025-01-24T20:15:03.485Z",
    "updated_at": "2025-01-24T20:15:03.485Z"
  }
},
{
  "model": "games.review",
  "pk": 110,
  "fields": {
    "rating": 4,
    "comment": "Partner floor beat better yeah. Night left college carry fill community avoid nor. Physical save word girl base together else.",
    "game": 22,
    "author": 13,
    "created_at": "2025-01-24T20:15:03.485Z",
    "updated_at": "2025-01-24T20:15:03.485Z"
  }
},
{
  "model": "games.review",
  "pk": 111,
  "fields": {
    "rating": 3,
    "comment": "Sport friend director home sing politics field city. Wife little food half public. Around not interest alone rule once out.",
    "game": 23,
    "author": 12,
    "created_at": "2025-01-24T20:15:03.486Z",
    "updated_at": "2025-01-24T20:15:03.486Z"
  }
},
{
  "model": "games.review",
  "pk": 112,
  "fields": {
    "rating": 1,
    "comment": "Summer thus computer you. Dog think every result trip. Too their learn her.",
    "game": 23,
    "author": 8,
    "created_at": "2025-01-24T20:15:03.486Z",
    "updated_at": "2025-01-24T20:15:03.486Z"
  }
},
{
  "model": "games.review",
  "pk": 113,
  "fields": {
    "rating": 2,
    "comment": "Decision trial seven near treatment hand.",
    "game": 23,
    "author": 16,
    "created_at": "2025-01-24T20:15:03.487Z",
    "updated_at": "2025-01-24T20:15:03.487Z"
  }
},
{
  "model": "games.review",
  "pk": 114,
  "fields": {
    "rating": 3,
    "comment": "Beat view continue. Avoid which protect training subject. Husband hit style choose it listen outside watch.",
    "game": 23,
    "author": 1,
    "created_at": "2025-01-24T20:15:03.487Z",
    "updated_at": "2025-01-24T20:15:03.487Z"
  }
},
{
  "model": "games.review",
  "pk": 115,
  "fields": {
    "rating": 1,
    "comment": "Land street eight quickly along project along picture. Military deal box kind light. Money like soldier environment. Keep father entire child few condition.",
    "game": 23,
    "author": 4,
    "created_at": "2025-01-24T20:15:03.488Z",
    "updated_at": "2025-01-24T20:15:03.488Z"
  }
},
{
  "model": "games.review",
  "pk": 116,
  "fields": {
    "rating": 2,
    "comment": "Court state everyone blood these reveal wide. Live administration last environment. Congress sister store.",
    "game": 24,
    "author": 8,
    "created_at": "2025-01-24T20:15:03.488Z",
    "updated_at": "2025-01-24T20:15:03.488Z"
  }
},
{
  "model": "games.review",
  "pk": 117,
  "fields": {
    "rating": 5,
    "comment": "Theory happy share nothing method expect possible sort. Gun face local book.",
    "game": 24,
    "author": 4,
    "created_at": "2025-01-24T20:15:03.488Z",
    "updated_at": "2025-01-24T20:15:03.488Z"
  }
},
{
  "model": "games.review",
  "pk": 118,
  "fields": {
    "rating": 5,
    "comment": "Air teach miss team onto. Church admit note four. Threat change clear line.",
    "game": 24,
    "author": 18,
    "created_at": "2025-01-24T20:15:03.489Z",
    "updated_at": "2025-01-24T20:15:03.489Z"
  }
},
{
  "model": "games.review",
  "pk": 119,
  "fields": {
    "rating": 3,
    "comment": "Send go bill traditional realize certainly. Network window fact contain hotel moment where if. Home dog life station seek skill watch.",
    "game": 24,
    "author": 8,
    "created_at": "2025-01-24T20:15:03.490Z",
    "updated_at": "2025-01-24T20:15:03.490Z"
  }
},
{
  "model": "games.review",
  "pk": 120,
  "fields": {
    "rating": 1,
    "comment": "Building inside travel guess. Another dark third collection man commercial.",
    "game": 24,
    "author": 4,
    "created_at": "2025-01-24T20:15:03.490Z",
    "updated_at": "2025-01-24T20:15:03.490Z"
  }
},
{
  "model": "games.review",
  "pk": 121,
  "fields": {
    "rating": 4,
    "comment": "Real ten of hear account own newspaper deep. Someone best security energy per decision she class. Gun year recent behind rather summer after.",
    "game": 25,
    "author": 13,
    "created_at": "2025-01-24T20:15:03.490Z",
    "updated_at": "2025-01-24T20:15:03.490Z"
  }
},
{
  "model": "games.review",
  "pk": 122,
  "fields": {
    "rating": 1,
    "comment": "All career before tough. Point light become door treatment word relationship. Build artist ground center hospital case.",
    "game": 25,
    "author": 11,
    "created_at": "2025-01-24T20:15:03.491Z",
    "updated_at": "2025-01-24T20:15:03.491Z"
  }
},
{
  "model": "games.review",
  "pk": 123,
  "fields": {
    "rating": 1,
    "comment": "Season cold discuss.",
    "game": 25,
    "author": 17,
    "created_at": "2025-01-24T20:15:03.491Z",
    "updated_at": "2025-01-24T20:15:03.491Z"
  }
},
{
  "model": "games.review",
  "pk": 124,
  "fields": {
    "rating": 2,
    "comment": "East section above.",
    "game": 25,
    "author": 8,
    "created_at": "2025-01-24T20:15:03.491Z",
    "updated_at": "2025-01-24T20:15:03.491Z"
  }
},
{
  "model": "games.review",
  "pk": 125,
  "fields": {
    "rating": 1,
    "comment": "Economy interesting stock chair reality production entire. Red water ability thought.",
    "game": 25,
    "author": 20,
    "created_at": "2025-01-24T20:15:03.492Z",
    "updated_at": "2025-01-24T20:15:03.492Z"
  }
},
{
  "model": "games.review",
  "pk": 126,
  "fields": {
    "rating": 5,
    "comment": "Water send ten same according stock despite.",
    "game": 26,
    "author": 15,
    "created_at": "2025-01-24T20:15:03.493Z",
    "updated_at": "2025-01-24T20:15:03.493Z"
  }
},
{
  "model": "games.review",
  "pk": 127,
  "fields": {
    "rating": 5,
    "comment": "Sense too just away. Court many financial save less. Federal trade civil environment purpose way message training.",
    "game": 26,
    "author": 21,
    "created_at": "2025-01-24T20:15:03.494Z",
    "updated_at": "2025-01-24T20:15:03.494Z"
  }
},
{
  "model": "games.review",
  "pk": 128,
  "fields": {
    "rating": 3,
    "comment": "Practice station woman. Out tough when probably deep else woman.",
    "game": 26,
    "author": 21,
    "created_at": "2025-01-24T20:15:03.494Z",
    "updated_at": "2025-01-24T20:15:03.494Z"
  }
},
{
  "model": "games.review",
  "pk": 129,
  "fields": {
    "rating": 4,
    "comment": "Nearly safe force stand drop civil cold. View around what number anyone.",
    "game": 26,
    "author": 17,
    "created_at": "2025-01-24T20:15:03.495Z",
    "updated_at": "2025-01-24T20:15:03.495Z"
  }
},
{
  "model": "games.review",
  "pk": 130,
  "fields": {
    "rating": 1,
    "comment": "Pass approach upon once we human soon. Law clear share nature think create ago. Accept board lay nothing media.",
    "game": 26,
    "author": 20,
    "created_at": "2025-01-24T20:15:03.495Z",
    "updated_at": "2025-01-24T20:15:03.495Z"
  }
},
{
  "model": "games.review",
  "pk": 131,
  "fields": {
    "rating": 1,
    "comment": "Size difference win important civil season onto. Must skin education short seem. Town send myself outside notice reduce. Interest ball style.",
    "game": 27,
    "author": 12,
    "created_at": "2025-01-24T20:15:03.496Z",
    "updated_at": "2025-01-24T20:15:03.496Z"
  }
},
{
  "model": "games.review",
  "pk": 132,
  "fields": {
    "rating": 2,
    "comment": "Chance charge wait control city race indicate. Particular hot into increase act discuss. Red study sound lawyer under.",
    "game": 27,
    "author": 12,
    "created_at": "2025-01-24T20:15:03.496Z",
    "updated_at": "2025-01-24T20:15:03.496Z"
  }
},
{
  "model": "games.review",
  "pk": 133,
  "fields": {
    "rating": 3,
    "comment": "White identify guess choose short apply miss start. History happy but green enter mother citizen. Today fast daughter ten whether.",
    "game": 27,
    "author": 14,
    "created_at": "2025-01-24T20:15:03.497Z",
    "updated_at": "2025-01-24T20:15:03.497Z"
  }
},
{
  "model": "games.review",
  "pk": 134,
  "fields": {
    "rating": 3,
    "comment": "Necessary good nor avoid image. Theory attack care short return teacher. Year student remain suffer doctor Congress response worker. State recently successful again data different prove.",
    "game": 27,
    "author": 3,
    "created_at": "2025-01-24T20:15:03.497Z",
    "updated_at": "2025-01-24T20:15:03.497Z"
  }
},
{
  "model": "games.review",
  "pk": 135,
  "fields": {
    "rating": 5,
    "comment": "Minute miss see threat toward leg let. Piece religious employee system issue spring.",
    "game": 27,
    "author": 5,
    "created_at": "2025-01-24T20:15:03.498Z",
    "updated_at": "2025-01-24T20:15:03.498Z"
  }
},
{
  "model": "games.review",
  "pk": 136,
  "fields": {
    "rating": 1,
    "comment": "Feel suffer challenge their those. Price hit much before simple bill better.",
    "game": 28,
    "author": 3,
    "created_at": "2025-01-24T20:15:03.498Z",
    "updated_at": "2025-01-24T20:15:03.498Z"
  }
},
{
  "model": "games.review",
  "pk": 137,
  "fields": {
    "rating": 3,
    "comment": "Congress defense rest brother minute here. Notice challenge thing exist pass.",
    "game": 28,
    "author": 3,
    "created_at": "2025-01-24T20:15:03.499Z",
    "updated_at": "2025-01-24T20:15:03.499Z"
  }
},
{
  "model": "games.review",
  "pk": 138,
  "fields": {
    "rating": 5,
    "comment": "Traditional require wonder raise couple series road. At school detail hot.",
    "game": 28,
    "author": 14,
    "created_at": "2025-01-24T20:15:03.499Z",
    "updated_at": "2025-01-24T20:15:03.499Z"
  }
},
{
  "model": "games.review",
  "pk": 139,
  "fields": {
    "rating": 2,
    "comment": "It I take. Only argue house work. Exist body watch mind.",
    "game": 28,
    "author": 18,
    "created_at": "2025-01-24T20:15:03.500Z",
    "updated_at": "2025-01-24T20:15:03.500Z"
  }
},
{
  "model": "games.review",
  "pk": 140,
  "fields": {
    "rating": 5,
    "comment": "Last task degree economy parent. Son back change into tell fight. Green pressure politics debate not.",
    "game": 28,
    "author": 14,
    "created_at": "2025-01-24T20:15:03.500Z",
    "updated_at": "2025-01-24T20:15:03.500Z"
  }
},
{
  "model": "games.review",
  "pk": 141,
  "fields": {
    "rating": 5,
    "comment": "Modern learn total else floor range. Onto success bit form. Example media care former star assume.",
    "game": 29,
    "author": 18,
    "created_at": "2025-01-24T20:15:03.501Z",
    "updated_at": "2025-01-24T20:15:03.501Z"
  }
},
{
  "model": "games.review",
  "pk": 142,
  "fields": {
    "rating": 1,
    "comment": "Around fear nation behind animal. Present put organization particular house.",
    "game": 29,
    "author": 19,
    "created_at": "2025-01-24T20:15:03.501Z",
    "updated_at": "2025-01-24T20:15:03.501Z"
  }
},
{
  "model": "games.review",
  "pk": 143,
  "fields": {
    "rating": 1,
    "comment": "Tree score just role toward year bring Congress.",
    "game": 29,
    "author": 1,
    "created_at": "2025-01-24T20:15:03.502Z",
    "updated_at": "2025-01-24T20:15:03.502Z"
  }
},
{
  "model": "games.review",
  "pk": 144,
  "fields": {
    "rating": 4,
    "comment": "Blue treat already major how church current. Whom chance onto she image.",
    "game": 29,
    "author": 20,
    "created_at": "2025-01-24T20:15:03.503Z",
    "updated_at": "2025-01-24T20:15:03.503Z"
  }
},
{
  "model": "games.review",
  "pk": 145,
  "fields": {
    "rating": 1,
    "comment": "Training send film none see ready. Team stuff never base decision stuff long. Station responsibility still push from yet ask although.",
    "game": 29,
    "author": 21,
    "created_at": "2025-01-24T20:15:03.503Z",
    "updated_at": "2025-01-24T20:15:03.503Z"
  }
},
{
  "model": "games.review",
  "pk": 146,
  "fields": {
    "rating": 1,
    "comment": "Author easy why forget art. Front culture speech within. Choice organization often center.",
    "game": 30,
    "author": 4,
    "created_at": "2025-01-24T20:15:03.503Z",
    "updated_at": "2025-01-24T20:15:03.503Z"
  }
},
{
  "model": "games.review",
  "pk": 147,
  "fields": {
    "rating": 2,
    "comment": "Prove fear air race road risk. Appear cold community near.",
    "game": 30,
    "author": 18,
    "created_at": "2025-01-24T20:15:03.504Z",
    "updated_at": "2025-01-24T20:15:03.504Z"
  }
},
{
  "model": "games.review",
  "pk": 148,
  "fields": {
    "rating": 5,
    "comment": "Production suddenly book thing include. Push half join federal.",
    "game": 30,
    "author": 15,
    "created_at": "2025-01-24T20:15:03.504Z",
    "updated_at": "2025-01-24T20:15:03.504Z"
  }
},
{
  "model": "games.review",
  "pk": 149,
  "fields": {
    "rating": 1,
    "comment": "Rule include traditional now different each close among. Necessary worry rich challenge local modern red. Computer down form agent. After well kitchen some step cell stand.",
    "game": 30,
    "author": 10,
    "created_at": "2025-01-24T20:15:03.505Z",
    "updated_at": "2025-01-24T20:15:03.505Z"
  }
},
{
  "model": "games.review",
  "pk": 150,
  "fields": {
    "rating": 1,
    "comment": "Raise low away. Increase fear force.",
    "game": 30,
    "author": 10,
    "created_at": "2025-01-24T20:15:03.505Z",
    "updated_at": "2025-01-24T20:15:03.505Z"
  }
}
]
