[
{
  "model": "orders.order",
  "pk": 1,
  "fields": {
    "status": 1,
    "key": "47c5f0c4-8068-44be-bf79-07177968a793",
    "user": 11,
    "created_at": "2025-01-24T20:15:03.506Z",
    "updated_at": "2025-01-24T20:15:03.506Z",
    "games": [
      13,
      21,
      30
    ]
  }
},
{
  "model": "orders.order",
  "pk": 2,
  "fields": {
    "status": 1,
    "key": "7cf84921-5c4d-479e-ad64-c6fd173a1a97",
    "user": 12,
    "created_at": "2025-01-24T20:15:03.508Z",
    "updated_at": "2025-01-24T20:15:03.508Z",
    "games": [
      7,
      19,
      28
    ]
  }
},
{
  "model": "orders.order",
  "pk": 3,
  "fields": {
    "status": 2,
    "key": "d35bc2e9-3eb7-481e-99f8-08bf41ad7b64",
    "user": 4,
    "created_at": "2025-01-24T20:15:03.510Z",
    "updated_at": "2025-01-24T20:15:03.510Z",
    "games": [
      7,
      9,
      22
    ]
  }
},
{
  "model": "orders.order",
  "pk": 4,
  "fields": {
    "status": -1,
    "key": "2c4e9f33-4dbc-4968-a67e-90af59d3bed9",
    "user": 7,
    "created_at": "2025-01-24T20:15:03.511Z",
    "updated_at": "2025-01-24T20:15:03.511Z",
    "games": [
      11,
      25,
      30
    ]
  }
},
{
  "model": "orders.order",
  "pk": 5,
  "fields": {
    "status": 3,
    "key": "11d26e3c-c5d3-45e7-a7ed-b88a0f886031",
    "user": 16,
    "created_at": "2025-01-24T20:15:03.512Z",
    "updated_at": "2025-01-24T20:15:03.512Z",
    "games": [
      1,
      9,
      25
    ]
  }
},
{
  "model": "orders.order",
  "pk": 6,
  "fields": {
    "status": 3,
    "key": "c0a0f0d3-5a0a-4084-ab62-34f8e7447a5f",
    "user": 1,
    "created_at": "2025-01-24T20:15:03.513Z",
    "updated_at": "2025-01-24T20:15:03.513Z",
    "games": [
      1,
      6,
      10
    ]
  }
},
{
  "model": "orders.order",
  "pk": 7,
  "fields": {
    "status": 3,
    "key": "992afc75-def3-4cc9-ab16-76c21ab763c6",
    "user": 20,
    "created_at": "2025-01-24T20:15:03.514Z",
    "updated_at": "2025-01-24T20:15:03.514Z",
    "games": [
      2,
      4,
      20
    ]
  }
},
{
  "model": "orders.order",
  "pk": 8,
  "fields": {
    "status": -1,
    "key": "8e0dc94b-29e7-4e7e-8ce1-ff5921dda79e",
    "user": 16,
    "created_at": "2025-01-24T20:15:03.516Z",
    "updated_at": "2025-01-24T20:15:03.516Z",
    "games": [
      10,
      19,
      29
    ]
  }
},
{
  "model": "orders.order",
  "pk": 9,
  "fields": {
    "status": -1,
    "key": "a1b69678-bb5f-425d-b0f8-c56b79eaeb00",
    "user": 18,
    "created_at": "2025-01-24T20:15:03.517Z",
    "updated_at": "2025-01-24T20:15:03.517Z",
    "games": [
      10,
      21,
      26
    ]
  }
},
{
  "model": "orders.order",
  "pk": 10,
  "fields": {
    "status": 2,
    "key": "f56002d7-7338-4733-9382-42ce9d72ab08",
    "user": 5,
    "created_at": "2025-01-24T20:15:03.518Z",
    "updated_at": "2025-01-24T20:15:03.518Z",
    "games": [
      3,
      7,
      15
    ]
  }
},
{
  "model": "orders.order",
  "pk": 11,
  "fields": {
    "status": 2,
    "key": "38fa220f-1d1a-466e-b7f3-7d4134782b60",
    "user": 5,
    "created_at": "2025-01-24T20:15:03.519Z",
    "updated_at": "2025-01-24T20:15:03.519Z",
    "games": [
      9,
      24,
      25
    ]
  }
},
{
  "model": "orders.order",
  "pk": 12,
  "fields": {
    "status": 2,
    "key": "e6bb6d3b-31f2-451a-af1b-16d3d74b8cfc",
    "user": 14,
    "created_at": "2025-01-24T20:15:03.520Z",
    "updated_at": "2025-01-24T20:15:03.520Z",
    "games": [
      6,
      13,
      19
    ]
  }
},
{
  "model": "orders.order",
  "pk": 13,
  "fields": {
    "status": 3,
    "key": "fcbad9ba-7722-477d-99bb-8280e93c6d57",
    "user": 11,
    "created_at": "2025-01-24T20:15:03.521Z",
    "updated_at": "2025-01-24T20:15:03.521Z",
    "games": [
      4,
      17,
      28
    ]
  }
},
{
  "model": "orders.order",
  "pk": 14,
  "fields": {
    "status": -1,
    "key": "60b35432-4201-46f0-98f7-1db3f9261605",
    "user": 7,
    "created_at": "2025-01-24T20:15:03.523Z",
    "updated_at": "2025-01-24T20:15:03.523Z",
    "games": [
      6,
      16,
      28
    ]
  }
},
{
  "model": "orders.order",
  "pk": 15,
  "fields": {
    "status": -1,
    "key": "d786e5c7-13e2-47b3-8abf-d6ca363e1205",
    "user": 19,
    "created_at": "2025-01-24T20:15:03.524Z",
    "updated_at": "2025-01-24T20:15:03.524Z",
    "games": [
      1,
      12,
      25
    ]
  }
},
{
  "model": "orders.order",
  "pk": 16,
  "fields": {
    "status": -1,
    "key": "9bc203c0-0129-490c-a90f-87f982e0f43d",
    "user": 14,
    "created_at": "2025-01-24T20:15:03.526Z",
    "updated_at": "2025-01-24T20:15:03.526Z",
    "games": [
      8,
      10,
      27
    ]
  }
},
{
  "model": "orders.order",
  "pk": 17,
  "fields": {
    "status": 3,
    "key": "b3f032a2-c730-4a60-b7d4-1c59803e1a91",
    "user": 8,
    "created_at": "2025-01-24T20:15:03.527Z",
    "updated_at": "2025-01-24T20:15:03.527Z",
    "games": [
      13,
      15,
      30
    ]
  }
},
{
  "model": "orders.order",
  "pk": 18,
  "fields": {
    "status": 2,
    "key": "2a7445da-8185-48a3-8103-6cc0490a4862",
    "user": 17,
    "created_at": "2025-01-24T20:15:03.528Z",
    "updated_at": "2025-01-24T20:15:03.528Z",
    "games": [
      3,
      14,
      28
    ]
  }
},
{
  "model": "orders.order",
  "pk": 19,
  "fields": {
    "status": -1,
    "key": "7773b8e8-56ec-4dce-bf00-7f4cfe0c86ea",
    "user": 19,
    "created_at": "2025-01-24T20:15:03.530Z",
    "updated_at": "2025-01-24T20:15:03.530Z",
    "games": [
      13,
      18,
      24
    ]
  }
},
{
  "model": "orders.order",
  "pk": 20,
  "fields": {
    "status": -1,
    "key": "e10d2019-0409-4ae5-90c0-f7d59f595998",
    "user": 2,
    "created_at": "2025-01-24T20:15:03.531Z",
    "updated_at": "2025-01-24T20:15:03.531Z",
    "games": [
      5,
      20,
      21
    ]
  }
},
{
  "model": "orders.order",
  "pk": 21,
  "fields": {
    "status": 2,
    "key": "9cbb621c-a8a9-46a6-91a4-c809eeda6c62",
    "user": 9,
    "created_at": "2025-01-24T20:15:03.532Z",
    "updated_at": "2025-01-24T20:15:03.532Z",
    "games": [
      15,
      24,
      30
    ]
  }
},
{
  "model": "orders.order",
  "pk": 22,
  "fields": {
    "status": 3,
    "key": "7106239b-0c64-4bf9-b363-31fba4d1b9d9",
    "user": 18,
    "created_at": "2025-01-24T20:15:03.533Z",
    "updated_at": "2025-01-24T20:15:03.533Z",
    "games": [
      12,
      20,
      28
    ]
  }
},
{
  "model": "orders.order",
  "pk": 23,
  "fields": {
    "status": -1,
    "key": "2a0f007b-0572-4314-8bfb-a049a106486e",
    "user": 20,
    "created_at": "2025-01-24T20:15:03.535Z",
    "updated_at": "2025-01-24T20:15:03.535Z",
    "games": [
      3,
      19,
      26
    ]
  }
},
{
  "model": "orders.order",
  "pk": 24,
  "fields": {
    "status": 3,
    "key": "ba176448-06fb-468b-a2d8-1e110d520c14",
    "user": 11,
    "created_at": "2025-01-24T20:15:03.536Z",
    "updated_at": "2025-01-24T20:15:03.536Z",
    "games": [
      16,
      20,
      22
    ]
  }
},
{
  "model": "orders.order",
  "pk": 25,
  "fields": {
    "status": 1,
    "key": "692a6c54-783a-4c87-8e39-8707284096f2",
    "user": 19,
    "created_at": "2025-01-24T20:15:03.537Z",
    "updated_at": "2025-01-24T20:15:03.537Z",
    "games": [
      4,
      7,
      26
    ]
  }
},
{
  "model": "orders.order",
  "pk": 26,
  "fields": {
    "status": -1,
    "key": "a0581a9c-3326-4131-a646-878c4d22e942",
    "user": 2,
    "created_at": "2025-01-24T20:15:03.538Z",
    "updated_at": "2025-01-24T20:15:03.538Z",
    "games": [
      11,
      23,
      25
    ]
  }
},
{
  "model": "orders.order",
  "pk": 27,
  "fields": {
    "status": -1,
    "key": "7ef8df4d-0462-47c0-a9be-db68fc5ea542",
    "user": 17,
    "created_at": "2025-01-24T20:15:03.539Z",
    "updated_at": "2025-01-24T20:15:03.539Z",
    "games": [
      3,
      10,
      17
    ]
  }
},
{
  "model": "orders.order",
  "pk": 28,
  "fields": {
    "status": 3,
    "key": "af36ca8b-3e67-4244-a4b2-d0fb1c8b1cf6",
    "user": 10,
    "created_at": "2025-01-24T20:15:03.540Z",
    "updated_at": "2025-01-24T20:15:03.540Z",
    "games": [
      13,
      26,
      29
    ]
  }
},
{
  "model": "orders.order",
  "pk": 29,
  "fields": {
    "status": -1,
    "key": "0602510b-bc5d-4b15-9d85-8ca19e2530f4",
    "user": 19,
    "created_at": "2025-01-24T20:15:03.542Z",
    "updated_at": "2025-01-24T20:15:03.542Z",
    "games": [
      3,
      12,
      22
    ]
  }
},
{
  "model": "orders.order",
  "pk": 30,
  "fields": {
    "status": 2,
    "key": "24b17b57-d2b2-4468-90d4-52e2230b3a97",
    "user": 11,
    "created_at": "2025-01-24T20:15:03.543Z",
    "updated_at": "2025-01-24T20:15:03.543Z",
    "games": [
      14,
      17,
      20
    ]
  }
}
]
