[
{
  "model": "users.token",
  "pk": 1,
  "fields": {
    "key": "a11ec6d0-e613-4626-afe6-fa42e150194d",
    "user": 2,
    "created_at": "2025-01-24T20:15:00.007Z"
  }
},
{
  "model": "users.token",
  "pk": 2,
  "fields": {
    "key": "04bc3d61-dc94-47ed-a9a9-98f106402fb6",
    "user": 3,
    "created_at": "2025-01-24T20:15:00.192Z"
  }
},
{
  "model": "users.token",
  "pk": 3,
  "fields": {
    "key": "5898d885-c1a9-4f10-8401-f8b868bcfb86",
    "user": 4,
    "created_at": "2025-01-24T20:15:00.377Z"
  }
},
{
  "model": "users.token",
  "pk": 4,
  "fields": {
    "key": "a372b54f-b13a-46ed-8e3a-e2d9134f2246",
    "user": 5,
    "created_at": "2025-01-24T20:15:00.559Z"
  }
},
{
  "model": "users.token",
  "pk": 5,
  "fields": {
    "key": "aac5e8ed-60a2-4e5b-bea2-af318b77d602",
    "user": 6,
    "created_at": "2025-01-24T20:15:00.741Z"
  }
},
{
  "model": "users.token",
  "pk": 6,
  "fields": {
    "key": "e35f685a-61ee-4a53-975e-3a41131db140",
    "user": 7,
    "created_at": "2025-01-24T20:15:00.922Z"
  }
},
{
  "model": "users.token",
  "pk": 7,
  "fields": {
    "key": "2b81033d-bc0a-42d0-9829-d6b84dc8e8c2",
    "user": 8,
    "created_at": "2025-01-24T20:15:01.103Z"
  }
},
{
  "model": "users.token",
  "pk": 8,
  "fields": {
    "key": "ec43cc53-c505-4d99-8c6c-8d524b59a4a2",
    "user": 9,
    "created_at": "2025-01-24T20:15:01.283Z"
  }
},
{
  "model": "users.token",
  "pk": 9,
  "fields": {
    "key": "9d3c688a-0d67-41e1-816d-216eed2f3999",
    "user": 10,
    "created_at": "2025-01-24T20:15:01.465Z"
  }
},
{
  "model": "users.token",
  "pk": 10,
  "fields": {
    "key": "c35fce1d-db4b-44e0-a9a6-74475621afaf",
    "user": 11,
    "created_at": "2025-01-24T20:15:01.647Z"
  }
},
{
  "model": "users.token",
  "pk": 11,
  "fields": {
    "key": "c69e5d65-8345-44e7-984b-f98ea05e8d5c",
    "user": 12,
    "created_at": "2025-01-24T20:15:01.829Z"
  }
},
{
  "model": "users.token",
  "pk": 12,
  "fields": {
    "key": "a3fa18b0-5caa-4384-bb1b-78d5307073df",
    "user": 13,
    "created_at": "2025-01-24T20:15:02.009Z"
  }
},
{
  "model": "users.token",
  "pk": 13,
  "fields": {
    "key": "54f320a6-514f-4b6e-a68b-2d2d17725253",
    "user": 14,
    "created_at": "2025-01-24T20:15:02.189Z"
  }
},
{
  "model": "users.token",
  "pk": 14,
  "fields": {
    "key": "5878dfb8-5d6b-42bc-9543-4d62c4f2a697",
    "user": 15,
    "created_at": "2025-01-24T20:15:02.368Z"
  }
},
{
  "model": "users.token",
  "pk": 15,
  "fields": {
    "key": "0459b760-c64d-48ce-b196-f8a49ac1193a",
    "user": 16,
    "created_at": "2025-01-24T20:15:02.546Z"
  }
},
{
  "model": "users.token",
  "pk": 16,
  "fields": {
    "key": "90d03014-afe5-43c5-8983-d2f93b3e4370",
    "user": 17,
    "created_at": "2025-01-24T20:15:02.725Z"
  }
},
{
  "model": "users.token",
  "pk": 17,
  "fields": {
    "key": "1e15dda6-9fb0-410d-b402-d0f00d38375c",
    "user": 18,
    "created_at": "2025-01-24T20:15:02.904Z"
  }
},
{
  "model": "users.token",
  "pk": 18,
  "fields": {
    "key": "8dd3138f-5996-48da-96c6-d3910cf2d774",
    "user": 19,
    "created_at": "2025-01-24T20:15:03.083Z"
  }
},
{
  "model": "users.token",
  "pk": 19,
  "fields": {
    "key": "9500b98c-ffc1-4fd2-931e-89863e5eeb1e",
    "user": 20,
    "created_at": "2025-01-24T20:15:03.262Z"
  }
},
{
  "model": "users.token",
  "pk": 20,
  "fields": {
    "key": "5deac82c-0374-4009-9611-e1cc96ac6b49",
    "user": 21,
    "created_at": "2025-01-24T20:15:03.440Z"
  }
}
]
